id,parent1,parent2,max_age
1,,,99998.80546556991
2,,,99999.07021192356
3,,,100000.81614927687
4,,,100000.08206405824
5,,,99998.56162779902
6,,,99998.41444954577
7,,,99999.6543747795
8,,,100002.12472467632
9,,,99999.80204274855
10,,,99997.48255529575
11,,,100000.05976254442
12,,,99998.44098929285
13,,,99998.44157356065
